segment_type,segment_value,date,yhat
adherent,PM,2026-01-31,67028.6640625
adherent,PM,2026-02-28,53839.0078125
adherent,PM,2026-03-31,61862.15234375
adherent,PM,2026-04-30,68676.9375
adherent,PM,2026-05-31,64872.30078125
adherent,PM,2026-06-30,64416.90234375
adherent,PM,2026-07-31,66402.78125
adherent,PM,2026-08-31,65728.796875
adherent,PM,2026-09-30,66265.921875
adherent,PM,2026-10-31,71682.1171875
adherent,PM,2026-11-30,70022.734375
adherent,PM,2026-12-31,69571.265625
adherent,PP,2026-01-31,31946.923828125
adherent,PP,2026-02-28,31368.927734375
adherent,PP,2026-03-31,27822.498046875
adherent,PP,2026-04-30,28873.658203125
adherent,PP,2026-05-31,27545.259765625
adherent,PP,2026-06-30,31555.298828125
adherent,PP,2026-07-31,30493.65625
adherent,PP,2026-08-31,28509.859375
adherent,PP,2026-09-30,30227.427734375
adherent,PP,2026-10-31,32168.169921875
adherent,PP,2026-11-30,30787.185546875
adherent,PP,2026-12-31,30038.658203125
adherent,Particulier,2026-01-31,3627.821533203125
adherent,Particulier,2026-02-28,2744.435302734375
adherent,Particulier,2026-03-31,2688.552001953125
adherent,Particulier,2026-04-30,2549.171142578125
adherent,Particulier,2026-05-31,2590.014404296875
adherent,Particulier,2026-06-30,1953.0137939453125
adherent,Particulier,2026-07-31,2112.415283203125
adherent,Particulier,2026-08-31,2162.19580078125
adherent,Particulier,2026-09-30,2404.751953125
adherent,Particulier,2026-10-31,2934.837890625
adherent,Particulier,2026-11-30,2303.55908203125
adherent,Particulier,2026-12-31,2136.56640625
antenne,AL HOCEIMA,2026-01-31,14974.71875
antenne,AL HOCEIMA,2026-02-28,13905.328125
antenne,AL HOCEIMA,2026-03-31,13936.2138671875
antenne,AL HOCEIMA,2026-04-30,14155.8828125
antenne,AL HOCEIMA,2026-05-31,14308.9365234375
antenne,AL HOCEIMA,2026-06-30,14193.12890625
antenne,AL HOCEIMA,2026-07-31,14271.7373046875
antenne,AL HOCEIMA,2026-08-31,14379.6552734375
antenne,AL HOCEIMA,2026-09-30,14991.76953125
antenne,AL HOCEIMA,2026-10-31,15641.4677734375
antenne,AL HOCEIMA,2026-11-30,15060.3154296875
antenne,AL HOCEIMA,2026-12-31,14812.677734375
antenne,LARACHE,2026-01-31,3771.904296875
antenne,LARACHE,2026-02-28,2921.9921875
antenne,LARACHE,2026-03-31,3018.9638671875
antenne,LARACHE,2026-04-30,2989.382080078125
antenne,LARACHE,2026-05-31,2989.382080078125
antenne,LARACHE,2026-06-30,2594.340576171875
antenne,LARACHE,2026-07-31,2600.648681640625
antenne,LARACHE,2026-08-31,2650.42919921875
antenne,LARACHE,2026-09-30,2892.9853515625
antenne,LARACHE,2026-10-31,3543.7392578125
antenne,LARACHE,2026-11-30,2871.1123046875
antenne,LARACHE,2026-12-31,2774.22216796875
antenne,TANGER,2026-01-31,82631.4765625
antenne,TANGER,2026-02-28,83499.984375
antenne,TANGER,2026-03-31,80517.9453125
antenne,TANGER,2026-04-30,85206.0546875
antenne,TANGER,2026-05-31,86715.6484375
antenne,TANGER,2026-06-30,119714.6015625
antenne,TANGER,2026-07-31,84447.9296875
antenne,TANGER,2026-08-31,84366.390625
antenne,TANGER,2026-09-30,83653.9375
antenne,TANGER,2026-10-31,89163.2421875
antenne,TANGER,2026-11-30,86115.765625
antenne,TANGER,2026-12-31,87406.4921875
antenne,TETOUAN,2026-01-31,8292.87109375
antenne,TETOUAN,2026-02-28,8423.7060546875
antenne,TETOUAN,2026-03-31,6974.08447265625
antenne,TETOUAN,2026-04-30,8635.6044921875
antenne,TETOUAN,2026-05-31,7933.92626953125
antenne,TETOUAN,2026-06-30,7368.44091796875
antenne,TETOUAN,2026-07-31,7841.041015625
antenne,TETOUAN,2026-08-31,7916.13525390625
antenne,TETOUAN,2026-09-30,8390.4501953125
antenne,TETOUAN,2026-10-31,8973.9892578125
antenne,TETOUAN,2026-11-30,8553.5703125
antenne,TETOUAN,2026-12-31,8591.4404296875
produit,Attestation Professionnelle,2026-01-31,21212.50390625
produit,Attestation Professionnelle,2026-02-28,19592.7734375
produit,Attestation Professionnelle,2026-03-31,17321.369140625
produit,Attestation Professionnelle,2026-04-30,21278.79296875
produit,Attestation Professionnelle,2026-05-31,20687.130859375
produit,Attestation Professionnelle,2026-06-30,23051.404296875
produit,Attestation Professionnelle,2026-07-31,26530.1796875
produit,Attestation Professionnelle,2026-08-31,27632.91796875
produit,Attestation Professionnelle,2026-09-30,29988.71875
produit,Attestation Professionnelle,2026-10-31,32630.849609375
produit,Attestation Professionnelle,2026-11-30,31126.580078125
produit,Attestation Professionnelle,2026-12-31,31358.759765625
produit,Carte de Commerce,2026-01-31,32284.943359375
produit,Carte de Commerce,2026-02-28,27678.546875
produit,Carte de Commerce,2026-03-31,26745.376953125
produit,Carte de Commerce,2026-04-30,27040.447265625
produit,Carte de Commerce,2026-05-31,26961.54296875
produit,Carte de Commerce,2026-06-30,26684.421875
produit,Carte de Commerce,2026-07-31,26438.046875
produit,Carte de Commerce,2026-08-31,26570.1328125
produit,Carte de Commerce,2026-09-30,28615.8671875
produit,Carte de Commerce,2026-10-31,32458.255859375
produit,Carte de Commerce,2026-11-30,30307.544921875
produit,Carte de Commerce,2026-12-31,30642.57421875
produit,Certificat d'origine,2026-01-31,53055.76171875
produit,Certificat d'origine,2026-02-28,47503.0078125
produit,Certificat d'origine,2026-03-31,45910.91015625
produit,Certificat d'origine,2026-04-30,49800.18359375
produit,Certificat d'origine,2026-05-31,50904.1015625
produit,Certificat d'origine,2026-06-30,51253.44921875
produit,Certificat d'origine,2026-07-31,51670.77734375
produit,Certificat d'origine,2026-08-31,51649.94140625
produit,Certificat d'origine,2026-09-30,51549.7109375
produit,Certificat d'origine,2026-10-31,54008.75390625
produit,Certificat d'origine,2026-11-30,54850.6640625
produit,Certificat d'origine,2026-12-31,56660.62890625
produit,Location de salles,2026-01-31,3411.61083984375
produit,Location de salles,2026-02-28,2555.52001953125
produit,Location de salles,2026-03-31,2499.63671875
produit,Location de salles,2026-04-30,2484.66845703125
produit,Location de salles,2026-05-31,2484.66845703125
produit,Location de salles,2026-06-30,2059.922119140625
produit,Location de salles,2026-07-31,2219.324462890625
produit,Location de salles,2026-08-31,2132.60009765625
produit,Location de salles,2026-09-30,2472.5537109375
produit,Location de salles,2026-10-31,3072.22705078125
produit,Location de salles,2026-11-30,2458.41162109375
produit,Location de salles,2026-12-31,2341.0830078125
produit,Légalisation,2026-01-31,4560.05224609375
produit,Légalisation,2026-02-28,3693.478759765625
produit,Légalisation,2026-03-31,3589.99169921875
produit,Légalisation,2026-04-30,3651.667236328125
produit,Légalisation,2026-05-31,3651.667236328125
produit,Légalisation,2026-06-30,3398.248291015625
produit,Légalisation,2026-07-31,3474.658935546875
produit,Légalisation,2026-08-31,3485.33203125
produit,Légalisation,2026-09-30,3727.888671875
produit,Légalisation,2026-10-31,4424.95947265625
produit,Légalisation,2026-11-30,4228.6064453125
produit,Légalisation,2026-12-31,4046.186767578125
secteur,Commerce,2026-01-31,33333.8984375
secteur,Commerce,2026-02-28,35919.3984375
secteur,Commerce,2026-03-31,33825.515625
secteur,Commerce,2026-04-30,35998.47265625
secteur,Commerce,2026-05-31,34952.30078125
secteur,Commerce,2026-06-30,37643.66015625
secteur,Commerce,2026-07-31,37213.17578125
secteur,Commerce,2026-08-31,36967.07421875
secteur,Commerce,2026-09-30,42682.33984375
secteur,Commerce,2026-10-31,43338.46484375
secteur,Commerce,2026-11-30,41858.08203125
secteur,Commerce,2026-12-31,46054.80859375
secteur,Hors secteur,2026-01-31,5119.18603515625
secteur,Hors secteur,2026-02-28,4354.353515625
secteur,Hors secteur,2026-03-31,4277.31494140625
secteur,Hors secteur,2026-04-30,4317.60888671875
secteur,Hors secteur,2026-05-31,4270.03515625
secteur,Hors secteur,2026-06-30,3755.22119140625
secteur,Hors secteur,2026-07-31,3831.6318359375
secteur,Hors secteur,2026-08-31,3881.412353515625
secteur,Hors secteur,2026-09-30,4067.892578125
secteur,Hors secteur,2026-10-31,4695.37744140625
secteur,Hors secteur,2026-11-30,3971.300048828125
secteur,Hors secteur,2026-12-31,3874.410400390625
secteur,Industrie,2026-01-31,28874.05859375
secteur,Industrie,2026-02-28,32827.8515625
secteur,Industrie,2026-03-31,35004.2421875
secteur,Industrie,2026-04-30,27680.400390625
secteur,Industrie,2026-05-31,30160.85546875
secteur,Industrie,2026-06-30,29885.126953125
secteur,Industrie,2026-07-31,26940.798828125
secteur,Industrie,2026-08-31,28682.19140625
secteur,Industrie,2026-09-30,31769.880859375
secteur,Industrie,2026-10-31,31891.66015625
secteur,Industrie,2026-11-30,31239.185546875
secteur,Industrie,2026-12-31,31729.23046875
secteur,Service,2026-01-31,31185.07421875
secteur,Service,2026-02-28,24845.982421875
secteur,Service,2026-03-31,24781.83984375
secteur,Service,2026-04-30,26757.34375
secteur,Service,2026-05-31,28019.421875
secteur,Service,2026-06-30,28292.296875
secteur,Service,2026-07-31,28458.69140625
secteur,Service,2026-08-31,28039.7265625
secteur,Service,2026-09-30,28668.8359375
secteur,Service,2026-10-31,32173.3125
secteur,Service,2026-11-30,28764.181640625
secteur,Service,2026-12-31,31204.845703125
